{"last_mtime_claude": 1784205959.8530018, "last_mtime_gemini": 1784205931.7225857}